{"esapi-java-legacy": 19.706019401550293, "pybbs": 12.765044689178467, "alfresco-community-core": 14.691437005996704, "alfresco-community-remote-api": 84.53350234031677, "commons-configuration": 25.03898596763611, "cxf": 47.50531315803528, "struts-core": 39.36371874809265}